set,query_id,channel,rr_V,rank_V,rr_O,rank_O,rr_A,rank_A
bench_kis,q_83460859b8c31f2b,60 Giây Official,0.0017921146953405018,558,3.072857450142888e-05,32543,1.0,1
bench_kis,q_e2e1217874535d0c,60 Giây Official,0.015625,64,0.14285714285714285,7,0.125,8
bench_kis,q_372b5c1dc20c62e3,HTV Sports,0.0012239902080783353,817,1.0,1,1.6992642185933492e-05,58849
bench_kis,q_f484e2b01a6f5c56,HTV Sports,0.0007385524372230429,1354,0.5,2,0.5,2
bench_kis,q_2c4f14bc3f0e6007,Báo Thanh Niên,0.012048192771084338,83,0.25,4,1.687080338765732e-05,59274
bench_kis,q_bec22b7b07834e5a,ViVU TV,4.5938993017273064e-05,21768,4.658529768005217e-05,21466,8.801035001716202e-06,113623
bench_kis,q_8d9f0e1d4c2b65ec,HTV Giải Trí,0.001422475106685633,703,0.3333333333333333,3,0.2,5
bench_kis,q_3840fff75adacf30,HTV Entertainment,0.014925373134328358,67,0.0001876172607879925,5330,0.006711409395973154,149
bench_kis,q_08973bc3b4ff14b3,HTV Entertainment,0.0015105740181268882,662,6.426157029573175e-06,155614,0.16666666666666666,6
bench_kis,q_7f5e33ad5173e00e,Báo Tuổi Trẻ,0.5,2,0.25,4,6.027291576257293e-06,165912
bench_kis,q_a580648e97befebe,60 Giây Official,0.014285714285714285,70,0.0013404825737265416,746,0.3333333333333333,3
bench_kis,q_393bbbb9e8eca8b9,60 Giây Official,0.0035714285714285713,280,0.0625,16,0.00017265193370165745,5792
bench_kis,q_330b6bfd1e3cff24,HTV Sports,0.010638297872340425,94,0.0001565680288085173,6387,0.00035486160397445,2818
bench_kis,q_d5b0d340abfa38f5,HTV Sports,0.0072992700729927005,137,0.0015455950540958269,647,8.833922261484099e-05,11320
bench_kis,q_93d663614a884b6e,Báo Thanh Niên,0.027777777777777776,36,2.026547775863816e-05,49345,0.005494505494505495,182
bench_kis,q_a11e25cec459ce15,ViVU TV,9.946290033817386e-05,10054,1.4054023666975854e-05,71154,0.2,5
bench_kis,q_0b92f2f348722ea7,HTV Giải Trí,0.125,8,0.06666666666666667,15,0.000588235294117647,1700
bench_kis,q_13626d117cd5935e,HTV Entertainment,0.2,5,0.001610305958132045,621,0.5,2
bench_kis,q_f09d21b45a1f8b55,HTV Entertainment,0.017543859649122806,57,6.40483693285169e-06,156132,2.8508709410724977e-05,35077
bench_kis,q_04971273d2ccdda8,Báo Tuổi Trẻ,0.5,2,0.3333333333333333,3,5.1169216599293864e-05,19543
bench_kis,q_5d906a7bc2c3ab81,60 Giây Official,1.0,1,1.0,1,0.006622516556291391,151
bench_kis,q_c71ec04bf492cc2e,60 Giây Official,0.0019646365422396855,509,1.0,1,0.00046685340802987864,2142
bench_kis,q_43ed8e7ff4221291,HTV Sports,0.025,40,1.0,1,4.683182690956774e-05,21353
bench_kis,q_e66be07839a79cac,HTV Sports,0.058823529411764705,17,1.0,1,0.02631578947368421,38
bench_kis,q_fb833c53c2d05554,60 Giây Official,1.0,1,0.3333333333333333,3,0.2,5
bench_kis,q_3ab3face18e79179,60 Giây Official,0.010416666666666666,96,1.0,1,0.3333333333333333,3
bench_kis,q_ef335f7c99e6dffc,Báo Tuổi Trẻ,1.0,1,0.008695652173913044,115,1.291822761917065e-05,77410
bench_kis,q_8b4535090b17f6e2,60 Giây Official,0.5,2,1.0,1,0.0136986301369863,73
bench_kis,q_76d63fde5a2ae819,Báo Tuổi Trẻ,0.3333333333333333,3,5.9814336300124415e-06,167184,4.580432392817882e-05,21832
bench_kis,q_4c83d3381520523e,Báo Tuổi Trẻ,1.0,1,0.5,2,6.379992344009187e-05,15674
bench_kis,q_beab805a23f43834,HTV Giải Trí,0.5,2,0.001040582726326743,961,0.0008726003490401396,1146
bench_kis,q_bd5c55c036943129,HTV Sports,0.004310344827586207,232,1.9964463255405378e-05,50089,7.0587072683508745e-06,141669
bench_kis,q_f63b2f6faccc2693,60 Giây Official,0.047619047619047616,21,0.2,5,0.5,2
bench_kis,q_e52142cb92b58d74,HTV Sports,0.034482758620689655,29,0.00013831258644536652,7230,0.00036643459142543056,2729
bench_kis,q_4a2bdbb146be8a0b,60 Giây Official,0.3333333333333333,3,0.25,4,0.25,4
bench_kis,q_c78e038f835addaf,HTV Entertainment,1.0,1,1.8017368743468703e-05,55502,2.9080757262919125e-05,34387
bench_kis,q_a998b9d5dcfa840c,60 Giây Official,1.0,1,0.25,4,1.0,1
bench_kis,q_8a965496eaf2b7cf,HTV Giải Trí,1.0,1,1.0,1,0.3333333333333333,3
bench_kis,q_cc8960fc90175a21,60 Giây Official,1.0,1,0.14285714285714285,7,0.5,2
bench_kis,q_3232beb9a65d9540,HTV Entertainment,0.018518518518518517,54,0.16666666666666666,6,1.1124707976415618e-05,89890
bench_kis,q_af41019bc369cb18,Báo Thanh Niên,0.0029069767441860465,344,0.125,8,0.016129032258064516,62
bench_kis,q_e53426e3c35abee1,HTV Giải Trí,0.16666666666666666,6,7.0131637082804425e-06,142589,1.0,1
bench_kis,q_f613c903c758eccc,60 Giây Official,0.007751937984496124,129,0.5,2,0.3333333333333333,3
bench_kis,q_36cf7dd072f72d4d,HTV Entertainment,0.2,5,0.00013138877939823938,7611,0.25,4
bench_kis,q_5ae4729648cd6455,Báo Thanh Niên,0.0014144271570014145,707,1.0,1,1.0,1
bench_kis,q_f861ce707cb2a3b7,60 Giây Official,0.016666666666666666,60,6.971556051310653e-05,14344,1.0,1
bench_kis,q_707eb304d7c0798b,HTV Entertainment,0.14285714285714285,7,6.0580359847337494e-05,16507,0.16666666666666666,6
bench_kis,q_d8c23ddbe8f7a42f,HTV Sports,0.038461538461538464,26,2.0071857248951246e-05,49821,3.368364322285098e-05,29688
bench_kis,q_8564465943efc30c,HTV Entertainment,0.01639344262295082,61,1.5688243230523047e-05,63742,0.5,2
bench_kis,q_221e7a2d54ae944f,HTV Entertainment,1.0,1,0.0010638297872340426,940,0.14285714285714285,7
bench_kis,q_58744222841b482c,60 Giây Official,0.3333333333333333,3,0.5,2,0.05263157894736842,19
bench_kis,q_0a1a7b395b0e24ba,Báo Thanh Niên,0.006211180124223602,161,0.07142857142857142,14,0.5,2
bench_kis,q_ed442a10864450f9,60 Giây Official,0.2,5,0.012048192771084338,83,1.0,1
bench_kis,q_3cac42d635c73c00,Báo Tuổi Trẻ,0.5,2,1.0,1,0.16666666666666666,6
bench_kis,q_b94574d444272c04,HTV Sports,0.0027472527472527475,364,4.972650422675286e-05,20110,0.5,2
bench_kis,q_730d34c063ce8670,Báo Tuổi Trẻ,0.5,2,0.02702702702702703,37,0.2,5
bench_kis,q_daf9fe8716ae10a0,60 Giây Official,0.0006337135614702154,1578,4.2170961076202926e-05,23713,0.25,4
bench_kis,q_dc737e4159325db5,Báo Tuổi Trẻ,1.0,1,0.3333333333333333,3,0.5,2
bench_kis,q_f6809540ca19cfb2,HTV Entertainment,0.3333333333333333,3,0.2,5,0.5,2
bench_kis,q_61dc5aa352667bea,HTV Giải Trí,0.058823529411764705,17,0.5,2,1.0,1
bench_kis,q_57a03c45c3fcc1a4,HTV Giải Trí,1.0,1,1.0,1,0.2,5
bench_kis,q_fe70103f21632d4a,HTV Sports,0.025,40,2.169526826199206e-05,46093,1.0,1
bench_kis,q_f0485a2009013993,60 Giây Official,0.25,4,0.1111111111111111,9,0.5,2
bench_kis,q_1388bd26f11afc4e,Báo Tuổi Trẻ,1.0,1,0.3333333333333333,3,0.1111111111111111,9
bench_kis,q_5f877b4399169c61,HTV Sports,0.08333333333333333,12,0.5,2,1.023761504519907e-05,97679
bench_kis,q_4cf358979df60f9b,HTV Sports,0.25,4,1.0,1,0.25,4
bench_kis,q_5b547cc4097c4d8a,HTV Sports,0.0017064846416382253,586,0.5,2,1.3510957386440404e-05,74014
bench_kis,q_7efeeb84caf96d85,HTV Entertainment,0.25,4,1.0,1,0.07142857142857142,14
bench_kis,q_d054b0bc481e6b5e,60 Giây Official,0.08333333333333333,12,0.01694915254237288,59,0.16666666666666666,6
bench_kis,q_2bf8758ffd694537,Báo Tuổi Trẻ,0.25,4,4.611057315442431e-05,21687,0.5,2
bench_kis,q_d2dc1b0b2918cadd,HTV Entertainment,0.25,4,2.132741852926122e-05,46888,1.0,1
bench_kis,q_d3f2fb68471e9cbb,Báo Tuổi Trẻ,0.25,4,0.00010197838058331633,9806,1.0,1
bench_kis,q_9018c34d53a935b0,HTV Entertainment,0.5,2,0.25,4,0.25,4
bench_kis,q_2502a3fd7d5ae6e9,60 Giây Official,0.003875968992248062,258,0.5,2,0.25,4
bench_kis,q_351b1b467391301c,60 Giây Official,0.16666666666666666,6,7.278550112817527e-05,13739,0.3333333333333333,3
bench_kis,q_55e7beebeeb01a99,HTV Entertainment,0.5,2,6.724994788129039e-06,148699,0.3333333333333333,3
bench_kis,q_ea54f8953b8b632a,Báo Tuổi Trẻ,1.0,1,6.039012017633915e-06,165590,1.1161337128187958e-05,89595
bench_kis,q_92f8f49ddef0adcd,HTV Sports,0.07692307692307693,13,3.2123353678123996e-05,31130,0.02857142857142857,35
bench_kis,q_6f918c702204d542,HTV Giải Trí,0.5,2,0.3333333333333333,3,0.16666666666666666,6
bench_kis,q_bcd30b4216d7ca74,HTV Entertainment,1.0,1,1.6295934164425975e-05,61365,0.25,4
bench_kis,q_4d4eac1c7a21fa61,60 Giây Official,0.023255813953488372,43,4.8597949166545175e-05,20577,1.0,1
bench_kis,q_a1aa09f704b4c83d,HTV Giải Trí,0.006756756756756757,148,0.5,2,1.0,1
bench_kis,q_0df6e57b33e56326,HTV Entertainment,0.030303030303030304,33,6.756711103303356e-06,148001,0.3333333333333333,3
bench_kis,q_bac2afad58b66404,HTV Entertainment,0.3333333333333333,3,0.5,2,1.0285843593462318e-05,97221
bench_kis,q_0206c453f9f279c8,Báo Thanh Niên,0.14285714285714285,7,0.043478260869565216,23,0.125,8
bench_kis,q_6a5fc5938801ab91,Báo Tuổi Trẻ,1.0,1,1.3487086115044845e-05,74145,1.0,1
bench_kis,q_553ee264eded6868,HTV Entertainment,0.012987012987012988,77,0.012658227848101266,79,0.25,4
bench_kis,q_194c1d20e3aca350,60 Giây Official,0.037037037037037035,27,0.5,2,0.09090909090909091,11
bench_kis,q_806d650b572067a2,60 Giây Official,1.0,1,0.00013791201213625708,7251,0.00023485204321277596,4258
bench_kis,q_0b59fdf43d6d1cc9,HTV Entertainment,0.5,2,0.0019723865877712033,507,4.7156465151372254e-05,21206
bench_kis,q_ad1631fc8a794d71,HTV Entertainment,0.14285714285714285,7,0.0002455795677799607,4072,0.3333333333333333,3
bench_kis,q_6e171ab8f410e8c8,HTV Entertainment,0.5,2,1.3572940984852598e-05,73676,0.3333333333333333,3
bench_kis,q_9fe0761a2e18ada0,HTV Giải Trí,0.16666666666666666,6,0.00010679196924391286,9364,1.336255278208349e-05,74836
bench_kis,q_1e5cb90a9ceb301a,Báo Tuổi Trẻ,0.2,5,1.7732068445784202e-05,56395,3.1709791983764585e-05,31536
bench_kis,q_66b2eb0e1e5373c5,HTV Sports,0.14285714285714285,7,1.965833808409837e-05,50869,0.00037835792659856227,2643
bench_kis,q_3a2d02d06262260c,HTV Entertainment,0.005813953488372093,172,0.014084507042253521,71,1.0617740120192818e-05,94182
bench_kis,q_a4124c467be6166e,HTV Sports,0.00909090909090909,110,2.25998915205207e-05,44248,0.00010986596352450011,9102
bench_kis,q_832e762554990112,HTV Sports,1.0,1,1.9668390928938105e-05,50843,6.9615098122480805e-06,143647
bench_kis,q_644991e673c937e5,60 Giây Official,0.014492753623188406,69,0.0005238344683080147,1909,0.0007412898443291327,1349
bench_kis,q_94c9005f07f60629,HTV Giải Trí,0.25,4,7.062645667066883e-06,141590,2.209407657806942e-05,45261
gtv2,q_8403867d2b04aa70,60 Giây Official,1.0,1,4.5591319412783804e-05,21934,3.345600535296086e-05,29890
gtv2,q_77d6f68c2be166c5,60 Giây Official,0.5,2,0.5,2,0.00020279862096937742,4931
gtv2,q_738ce9de05b3f335,HTV Sports,0.0012706480304955528,787,0.0004752851711026616,2104,0.022727272727272728,44
gtv2,q_378d56d08e68f98f,HTV Sports,0.0004187604690117253,2388,9.832841691248771e-05,10170,0.3333333333333333,3
gtv2,q_7d1b8b0a148c4cbe,60 Giây Official,0.3333333333333333,3,0.5,2,0.5,2
gtv2,q_30b6237262d8d093,ViVU TV,0.05555555555555555,18,0.0006116207951070336,1635,0.01020408163265306,98
gtv2,q_3a96a5bf55e5e3a8,HTV Sports,1.0,1,0.00013109596224436288,7628,0.3333333333333333,3
gtv2,q_b74484d4b958b855,60 Giây Official,1.0,1,0.00022416498542927594,4461,0.3333333333333333,3
gtv2,q_cb515bd2f644082b,Báo Thanh Niên,0.00011876484560570071,8420,0.003289473684210526,304,2.2380877778026455e-05,44681
gtv2,q_434c2511a0e0365f,ViVU TV,0.030303030303030304,33,0.125,8,0.0022675736961451248,441
gtv2,q_64e37f03d3e13b43,HTV Giải Trí,1.0,1,1.0,1,0.1,10
gtv2,q_05e7828622293855,HTV Entertainment,0.017543859649122806,57,2.4356382590057724e-05,41057,0.5,2
gtv2,q_f0b379f340188d91,HTV Entertainment,0.04,25,5.623980653506552e-05,17781,3.582560097445635e-05,27913
gtv2,q_1221aca9f11638f1,Báo Tuổi Trẻ,0.2,5,1.0,1,0.0014184397163120568,705
gtv2,q_3a4eb222ccd33686,HTV Sports,0.008771929824561403,114,2.3498449102359245e-05,42556,3.865630677645058e-05,25869
gtv2,q_641667abb715293d,HTV Sports,0.005128205128205128,195,0.00021992522542335605,4547,7.139032661074424e-06,140075
gtv2,q_35927e484829cc1c,HTV Giải Trí,1.0,1,0.001447178002894356,691,0.25,4
gtv2,q_7ac5d1a2b1335301,HTV Giải Trí,0.013157894736842105,76,7.012721076031922e-06,142598,1.672073036150219e-05,59806
gtv2,q_7281585e9b1d26d4,HTV Entertainment,0.3333333333333333,3,0.3333333333333333,3,0.0024937655860349127,401
gtv2,q_f30ee5fb3b49b0ec,Báo Tuổi Trẻ,0.14285714285714285,7,0.2,5,0.5,2
gtv2,q_9af7c707ac576375,60 Giây Official,0.1,10,3.4063426099397074e-05,29357,1.0283833813245577e-05,97240
gtv2,q_9422b51e8302a5d4,HTV Entertainment,0.3333333333333333,3,1.0,1,0.08333333333333333,12
gtv2,q_8ea3e37c46abca81,HTV Entertainment,0.0022471910112359553,445,6.2862638847853555e-06,159077,0.125,8
gtv2,q_c928290cb49ef763,60 Giây Official,0.014285714285714285,70,0.16666666666666666,6,1.9425019425019425e-05,51480
gtv2,q_29609e288afe1ab0,HTV Sports,0.006756756756756757,148,2.2022551092318535e-05,45408,0.009345794392523364,107
gtv2,q_b2a8e69a97a9eed1,ViVU TV,0.00909090909090909,110,0.3333333333333333,3,0.00041135335252982314,2431
gtv2,q_618f2b030d8fc5ff,HTV Entertainment,1.0,1,9.194556822361162e-05,10876,2.6899798251513112e-05,37175
gtv2,q_fc037fd63f780c3f,Báo Tuổi Trẻ,0.2,5,1.0,1,7.93178663493952e-06,126075
gtv2,q_3d804ad362363a24,60 Giây Official,0.010101010101010102,99,9.673986649898423e-05,10337,0.3333333333333333,3
gtv2,q_582f344f4527c223,60 Giây Official,0.03571428571428571,28,0.1,10,1.0,1
gtv2,q_3383fd34f115d9d2,HTV Sports,0.006756756756756757,148,2.0990764063811922e-05,47640,7.165428241818872e-06,139559
gtv2,q_78ba6bfb31459588,HTV Sports,0.00423728813559322,236,9.510856642857822e-06,105143,6.646638130433627e-06,150452
gtv2,q_536098e764223ef6,Báo Thanh Niên,0.002890173410404624,346,0.3333333333333333,3,0.1,10
gtv2,q_518630f11e16040a,ViVU TV,0.0002666666666666667,3750,0.5,2,0.25,4
gtv2,q_0ba386b1df7ef80c,HTV Giải Trí,0.2,5,0.00011321181931393638,8833,2.9436006122689274e-05,33972
gtv2,q_7a18d7bc4653fc2e,HTV Entertainment,0.038461538461538464,26,5.752746936662256e-05,17383,0.0017035775127768314,587
gtv2,q_38e7cae732a0ad65,HTV Entertainment,0.5,2,0.0033333333333333335,300,0.3333333333333333,3
gtv2,q_ebaafb3590185e19,Báo Tuổi Trẻ,0.5,2,1.0,1,1.0,1
gtv2,q_688a8b09ad1a8203,60 Giây Official,0.09090909090909091,11,0.0037313432835820895,268,2.15745075618649e-05,46351
gtv2,q_931a1fbc0188d013,60 Giây Official,0.2,5,1.0,1,0.0015625,640
gtv2,q_6b453c0ef6c3f02e,HTV Sports,0.0024330900243309003,411,2.5968629895086736e-05,38508,1.0,1
gtv2,q_9b48798fed5b7efc,ViVU TV,0.0001051635292880429,9509,0.0014792899408284023,676,0.0005263157894736842,1900
gtv2,q_9eb94b304aea0945,HTV Giải Trí,0.004310344827586207,232,0.012048192771084338,83,0.5,2
gtv2,q_3cd0916551175cc4,HTV Entertainment,0.008264462809917356,121,0.14285714285714285,7,0.058823529411764705,17
gtv2,q_68efbb193498d1eb,HTV Entertainment,0.07692307692307693,13,6.518139983574287e-06,153418,2.366415826589048e-05,42258
gtv2,q_9973bca34e7c9d24,Báo Tuổi Trẻ,0.001142857142857143,875,0.058823529411764705,17,0.00034940600978336826,2862
gtv2,q_9828aa6f64ceeda9,60 Giây Official,0.0033003300330033004,303,3.0909990108803164e-05,32352,1.0,1
gtv2,q_e52f2a1597a667d3,60 Giây Official,0.25,4,1.0,1,0.3333333333333333,3
gtv2,q_0284e65d1814066b,HTV Sports,0.025,40,6.602403274792024e-05,15146,1.1628583057154486e-05,85995
gtv2,q_294f8643ac5eb88a,HTV Sports,0.045454545454545456,22,0.00024177949709864604,4136,6.844064826982041e-06,146112
gtv2,q_ae55001d8280bddf,Báo Thanh Niên,7.747133560582585e-05,12908,0.2,5,1.0,1
gtv2,q_774cd1735343e32d,ViVU TV,0.00017828489926903192,5609,0.125,8,1.0,1
gtv2,q_0d969440db0b78d4,HTV Giải Trí,0.002840909090909091,352,7.041360954245237e-06,142018,4.117598616486865e-05,24286
gtv2,q_ab096da793e9c051,HTV Entertainment,0.001388888888888889,720,0.006369426751592357,157,0.5,2
gtv2,q_7291682605fe672c,Báo Tuổi Trẻ,0.1111111111111111,9,0.5,2,0.3333333333333333,3
gtv2,q_f1a5b3ff80f37350,60 Giây Official,0.2,5,2.751031636863824e-05,36350,1.0351002494591601e-05,96609
gtv2,q_a22a6c0895b8a1f5,60 Giây Official,0.017857142857142856,56,0.3333333333333333,3,0.00023293733985557886,4293
gtv2,q_3e487262abea698b,HTV Sports,1.0,1,0.06666666666666667,15,1.0,1
gtv2,q_8b1e429ba55a4100,HTV Sports,0.0013550135501355014,738,8.778089887640449e-05,11392,0.001201923076923077,832
gtv2,q_c409410dd68413d0,Báo Thanh Niên,0.0004391743522178305,2277,0.00026588673225206064,3761,1.3824375138243752e-05,72336
gtv2,q_d990b8e02c813bc2,ViVU TV,0.0004286326618088298,2333,0.1111111111111111,9,0.06666666666666667,15
gtv2,q_d07cd1077526f9ff,HTV Giải Trí,0.043478260869565216,23,7.04324552753909e-06,141980,0.5,2
gtv2,q_cbef9885768f40d9,HTV Entertainment,0.058823529411764705,17,0.5,2,0.3333333333333333,3
gtv2,q_2baf8e30d87b9582,HTV Entertainment,0.0030959752321981426,323,3.0207829869502175e-05,33104,3.17218627077782e-05,31524
gtv2,q_36c365fa21f7c757,Báo Tuổi Trẻ,0.1,10,0.5,2,2.847785846504343e-05,35115
gtv2,q_2d351f663a418bc0,60 Giây Official,0.00022202486678507994,4504,3.8300969014516064e-05,26109,1.0,1
gtv2,q_d0db7095c3964ead,60 Giây Official,1.0,1,1.0,1,0.25,4
gtv2,q_53787c533450cbf3,HTV Sports,0.09090909090909091,11,1.9885459751829462e-05,50288,0.00040584415584415587,2464
gtv2,q_2f105bad76f9611b,Báo Thanh Niên,0.0011560693641618498,865,0.5,2,1.0,1
gtv2,q_72bd58e05f4fca09,ViVU TV,0.0009285051067780873,1077,0.001326259946949602,754,0.010638297872340425,94
gtv2,q_00f95070ab902cae,HTV Giải Trí,0.001145475372279496,873,7.098138867988813e-06,140882,1.4780873549626783e-05,67655
gtv2,q_77285127b41fa8c9,HTV Entertainment,0.3333333333333333,3,0.00041288191577208916,2422,0.013333333333333334,75
gtv2,q_89dce3e1d3ea2ee2,HTV Entertainment,0.003424657534246575,292,0.0029498525073746312,339,0.5,2
gtv2,q_9552f16527f26fb5,Báo Tuổi Trẻ,0.16666666666666666,6,5.929299038267696e-06,168654,0.3333333333333333,3
gtv2,q_1a014eaadcbb690c,HTV Sports,0.5,2,0.0001222195062331948,8182,0.00051440329218107,1944
gtv2,q_a89ec2c88bdb49e1,HTV Sports,0.0010695187165775401,935,0.00011091393078970719,9016,7.545746085644218e-06,132525
gtv2,q_dbf3c052c3d00f54,Báo Thanh Niên,0.027777777777777776,36,0.25,4,0.08333333333333333,12
gtv2,q_104bcc17e555a2fe,ViVU TV,0.00041254125412541255,2424,0.5,2,0.05263157894736842,19
gtv2,q_0855ca1bdeff5648,HTV Giải Trí,0.003236245954692557,309,7.182669654657243e-06,139224,2.531453307343746e-05,39503
gtv2,q_94f8eb8efaf39d8e,HTV Entertainment,0.5,2,0.5,2,0.006211180124223602,161
gtv2,q_24efff864e210f8a,HTV Entertainment,0.0011695906432748538,855,2.2399928320229376e-05,44643,0.01694915254237288,59
gtv2,q_c97b330035625dd0,Báo Tuổi Trẻ,0.3333333333333333,3,0.25,4,0.3333333333333333,3
gtv2,q_8b38d771bb2afb60,HTV Sports,0.0016666666666666668,600,0.0010214504596527069,979,2.358546192127173e-05,42399
gtv2,q_fcb6e2eafa337d09,HTV Sports,0.008771929824561403,114,9.697439875872769e-06,103120,6.354370536054698e-06,157372
gtv2,q_b3bf88ef1c0e962a,ViVU TV,0.000333667000333667,2997,0.0017123287671232876,584,0.5,2
gtv2,q_323ac8d63449fcf2,HTV Entertainment,0.14285714285714285,7,1.772798184654659e-05,56408,1.1661671584004851e-05,85751
gtv2,q_ec28bf8ae01978ee,HTV Entertainment,1.0,1,1.0,1,0.00013502565487442613,7406
gtv2,q_bb0b9bee5079be81,Báo Tuổi Trẻ,0.038461538461538464,26,1.9422001243008078e-05,51488,0.14285714285714285,7
gtv2,q_4b7ffb3dda167f92,HTV Sports,0.05,20,0.0136986301369863,73,1.0,1
gtv2,q_def3ec0b5cbb2812,HTV Sports,0.002421307506053269,413,1.921488000307438e-05,52043,7.017149914390771e-06,142508
gtv2,q_623984e09ad0c3e5,ViVU TV,6.785641582411617e-05,14737,1.4042182716881512e-05,71214,1.0,1
gtv2,q_aa85a190e7a30449,Báo Tuổi Trẻ,0.14285714285714285,7,1.0,1,0.0033112582781456954,302
gtv2,q_28e9ea40e80ba175,HTV Sports,0.001184834123222749,844,9.718172983479106e-05,10290,0.3333333333333333,3
gtv2,q_704fe76947662053,ViVU TV,9.521089212605922e-05,10503,1.4971404617181183e-05,66794,1.1698916680315402e-05,85478
gtv2,q_7c8044db295b255c,Báo Tuổi Trẻ,0.14285714285714285,7,2.8880032345636228e-05,34626,0.2,5
gtv2,q_aac3d9d9c008775e,HTV Sports,0.0016750418760469012,597,1.9150484507258032e-05,52218,6.455444521909779e-06,154908
gtv2,q_e4b66e6ca8f9f37e,HTV Sports,0.005714285714285714,175,0.003703703703703704,270,0.047619047619047616,21
gtv2,q_2bc5353d210c78ca,ViVU TV,0.00012007684918347742,8328,1.0,1,0.0001794043774668102,5574
gtv2,q_f28787cae11ba69a,ViVU TV,9.882399446585631e-05,10119,0.058823529411764705,17,0.5,2
gtv2,q_56655b7b3bb55d22,ViVU TV,7.045230379033395e-05,14194,0.125,8,0.05263157894736842,19
holdout,h_L22_V011_78,60 Giây Official,0.00021786492374727668,4590,1.0,1,0.125,8
holdout,h_L26_V315_105,ViVU TV,0.0005165289256198347,1936,8.431205578085611e-06,118607,0.03225806451612903,31
holdout,h_L25_V053_120,Báo Thanh Niên,0.0002559508574353724,3907,5.9028392656867956e-06,169410,0.0022522522522522522,444
holdout,h_L21_V019_232,60 Giây Official,0.002325581395348837,430,0.004310344827586207,232,0.0010822510822510823,924
holdout,h_L22_V023_120,60 Giây Official,0.003816793893129771,262,5.057657293141817e-05,19772,0.3333333333333333,3
holdout,h_L26_V280_19,ViVU TV,0.00028312570781426955,3532,9.444029956463022e-06,105887,0.5,2
holdout,h_L22_V028_243,60 Giây Official,0.5,2,1.0,1,1.0,1
holdout,h_L26_V436_89,ViVU TV,0.0015384615384615385,650,0.25,4,0.041666666666666664,24
holdout,h_L25_V013_7,Báo Thanh Niên,0.008928571428571428,112,0.3333333333333333,3,1.0,1
holdout,h_L21_V029_222,60 Giây Official,0.0007861635220125787,1272,0.5,2,0.0019083969465648854,524
holdout,h_L26_V360_126,ViVU TV,0.00046948356807511736,2130,5.619871866921434e-05,17794,8.400184804065689e-06,119045
holdout,h_L26_V364_124,ViVU TV,5.1767872858104264e-05,19317,8.367570643215155e-06,119509,0.006369426751592357,157
holdout,h_L26_V091_66,ViVU TV,0.005714285714285714,175,2.9235491887151003e-05,34205,0.03125,32
holdout,h_L21_V023_242,60 Giây Official,0.5,2,0.3333333333333333,3,0.0011806375442739079,847
holdout,h_L22_V017_324,60 Giây Official,1.0,1,0.041666666666666664,24,0.0026246719160104987,381
holdout,h_L26_V455_21,ViVU TV,0.00014005602240896358,7140,0.00015328019619865113,6524,1.9722698854111196e-05,50703
holdout,h_L26_V454_29,ViVU TV,0.0001437607820586544,6956,7.613536868552286e-06,131345,0.5,2
holdout,h_L26_V229_108,ViVU TV,1.0,1,0.2,5,1.9529724240293726e-05,51204
holdout,h_L26_V319_88,ViVU TV,0.1,10,1.0,1,3.8412783774440136e-05,26033
holdout,h_L25_V039_187,Báo Thanh Niên,0.016666666666666666,60,6.86766018817389e-05,14561,0.0034482758620689655,290
holdout,h_L22_V018_663,60 Giây Official,0.0058823529411764705,170,3.281270507940675e-05,30476,1.0,1
holdout,h_L26_V393_46,ViVU TV,0.0008347245409015025,1198,8.085512378919452e-06,123678,0.0024096385542168677,415
holdout,h_L26_V364_48,ViVU TV,0.02127659574468085,47,0.007142857142857143,140,0.2,5
holdout,h_L22_V028_222,60 Giây Official,0.03225806451612903,31,0.0014265335235378032,701,0.1111111111111111,9
holdout,h_L26_V059_89,ViVU TV,0.00819672131147541,122,1.0,1,0.003472222222222222,288
holdout,h_L26_V295_59,ViVU TV,0.0015037593984962407,665,1.0,1,1.0,1
holdout,h_L25_V050_42,Báo Thanh Niên,0.006493506493506494,154,0.011764705882352941,85,0.0021141649048625794,473
holdout,h_L26_V097_56,ViVU TV,0.001199040767386091,834,0.5,2,5.950185050755078e-06,168062
holdout,h_L26_V324_170,ViVU TV,3.90625e-05,25600,8.405762991106703e-06,118966,0.25,4
holdout,h_L30_V033_36,Báo Tuổi Trẻ,1.0,1,6.083280104632418e-06,164385,5.950185050755078e-06,168062
holdout,h_L30_V026_41,Báo Tuổi Trẻ,0.0004438526409232135,2253,1.6751541141785044e-05,59696,1.0,1
holdout,h_L26_V041_48,ViVU TV,0.000691085003455425,1447,1.464321799358627e-05,68291,0.5,2
holdout,h_L26_V195_82,ViVU TV,0.00020048115477145148,4988,1.0794822802983689e-05,92637,0.0029498525073746312,339
holdout,h_L21_V014_97,60 Giây Official,0.16666666666666666,6,0.5,2,0.0625,16
holdout,h_L24_V019_56,HTV Sports,0.0003862495171881035,2589,1.0,1,5.950185050755078e-06,168062
holdout,h_L26_V344_157,ViVU TV,5.9290881062492586e-05,16866,8.589589417625837e-06,116420,1.0,1
holdout,h_L21_V018_526,60 Giây Official,0.0025,400,0.0625,16,0.0005698005698005698,1755
holdout,h_L25_V030_16,Báo Thanh Niên,0.00029708853238265005,3366,1.6235084016559785e-05,61595,0.002680965147453083,373
holdout,h_L24_V008_57,HTV Sports,0.25,4,1.0,1,5.950185050755078e-06,168062
holdout,h_L26_V256_166,ViVU TV,2.810172825628776e-05,35585,9.553744590192126e-06,104671,0.03333333333333333,30
holdout,h_L26_V147_115,ViVU TV,0.0001855976243504083,5388,1.0368926401360404e-05,96442,0.5,2
holdout,h_L26_V242_115,ViVU TV,0.125,8,8.972955512086571e-06,111446,1.0,1
holdout,h_L26_V416_72,ViVU TV,7.171029042667623e-05,13945,7.902577030369604e-06,126541,1.0,1
holdout,h_L25_V029_44,Báo Thanh Niên,2.5975375344173722e-05,38498,1.750485759798344e-05,57127,0.0044444444444444444,225
holdout,h_L26_V150_87,ViVU TV,0.0038461538461538464,260,1.151914481868866e-05,86812,0.25,4
holdout,h_L25_V014_36,Báo Thanh Niên,0.00030048076923076925,3328,5.9028392656867956e-06,169410,0.009259259259259259,108
holdout,h_L25_V076_84,Báo Thanh Niên,0.00018422991893883567,5428,1.4981048973049092e-05,66751,0.002531645569620253,395
holdout,h_L25_V010_72,Báo Thanh Niên,0.00031298904538341156,3195,5.9028392656867956e-06,169410,0.009009009009009009,111
holdout,h_L25_V009_89,Báo Thanh Niên,0.006944444444444444,144,5.9028392656867956e-06,169410,0.0018484288354898336,541
holdout,h_L30_V062_72,Báo Tuổi Trẻ,0.00043840420868040335,2281,5.990570841495486e-06,166929,1.0,1
holdout,h_L24_V028_27,HTV Sports,0.0005305039787798408,1885,0.09090909090909091,11,5.950185050755078e-06,168062
holdout,h_L30_V029_150,Báo Tuổi Trẻ,0.5,2,1.0,1,5.950185050755078e-06,168062
holdout,h_L26_V127_145,ViVU TV,0.00023094688221709007,4330,1.1883682515537915e-05,84149,0.2,5
holdout,h_L30_V052_131,Báo Tuổi Trẻ,0.0002498750624687656,4002,6.013265263170554e-06,166299,0.08333333333333333,12
holdout,h_L27_V011_218,HTV Giải Trí,0.017543859649122806,57,7.082905407798279e-06,141185,0.5,2
holdout,h_L25_V054_56,Báo Thanh Niên,0.011904761904761904,84,1.6328663335619347e-05,61242,0.002028397565922921,493
holdout,h_L26_V191_75,ViVU TV,7.233273056057866e-05,13825,1.1038989711661589e-05,90588,0.5,2
holdout,h_L30_V053_71,Báo Tuổi Trẻ,9.012256669069935e-05,11096,6.016557566422795e-06,166208,1.0,1
holdout,h_L27_V015_93,HTV Giải Trí,0.0004478280340349306,2233,6.976176357738324e-06,143345,0.5,2
holdout,h_L26_V123_26,ViVU TV,0.02,50,1.194101140366589e-05,83745,0.3333333333333333,3
holdout,h_L25_V081_24,Báo Thanh Niên,0.027777777777777776,36,1.677993120228207e-05,59595,0.001349527665317139,741
holdout,h_L30_V060_86,Báo Tuổi Trẻ,0.03225806451612903,31,6.000636067423147e-06,166649,1.0,1
holdout,h_L24_V036_43,HTV Sports,0.005988023952095809,167,0.0015384615384615385,650,5.950185050755078e-06,168062
holdout,h_L26_V189_89,ViVU TV,0.125,8,1.1103708638685321e-05,90060,1.0,1
holdout,h_L26_V475_76,ViVU TV,9.995002498750625e-05,10005,7.332883583140234e-06,136372,0.3333333333333333,3
holdout,h_L24_V037_33,HTV Sports,0.011904761904761904,84,0.0001704448610874382,5867,5.950185050755078e-06,168062
holdout,h_L26_V242_52,ViVU TV,0.0004926108374384236,2030,9.868843075526256e-06,101329,1.0,1
holdout,h_L25_V061_78,Báo Thanh Niên,0.03225806451612903,31,1.6049818637049403e-05,62306,0.002849002849002849,351
holdout,h_L24_V026_91,HTV Sports,0.0009505703422053232,1052,1.2482836100362002e-05,80110,5.950185050755078e-06,168062
holdout,h_L24_V037_37,HTV Sports,0.0026109660574412533,383,0.0016474464579901153,607,5.950185050755078e-06,168062
holdout,h_L24_V015_81,HTV Sports,0.002183406113537118,458,0.00010890873448050534,9182,5.950185050755078e-06,168062
holdout,h_L24_V009_91,HTV Sports,0.0005238344683080147,1909,0.00047824007651841227,2091,5.950185050755078e-06,168062
holdout,h_L24_V014_29,HTV Sports,0.0006447453255963894,1551,0.00021468441391155003,4658,5.950185050755078e-06,168062
holdout,h_L26_V131_139,ViVU TV,0.5,2,1.1933601441579055e-05,83797,5.950185050755078e-06,168062
holdout,h_L28_V010_496,HTV Entertainment,1.0,1,0.014084507042253521,71,6.013301422747117e-06,166298
holdout,h_L28_V008_38,HTV Entertainment,5.807875479149727e-05,17218,1.0,1,6.225293366949917e-06,160635
holdout,h_L24_V035_51,HTV Sports,0.0011299435028248588,885,0.000169061707523246,5915,5.950185050755078e-06,168062
holdout,h_L29_V014_41,HTV Entertainment,0.016666666666666666,60,0.008264462809917356,121,6.067482540818989e-06,164813
holdout,h_L26_V123_15,ViVU TV,0.004807692307692308,208,1.2967309412969902e-05,77117,8.462384700008463e-06,118170
holdout,h_L26_V102_136,ViVU TV,0.000271370420624152,3685,1.3420116755015768e-05,74515,5.950185050755078e-06,168062
holdout,h_L26_V102_59,ViVU TV,0.0003372681281618887,2965,0.0005271481286241434,1897,5.950185050755078e-06,168062
holdout,h_L26_V271_180,ViVU TV,3.5113592471645774e-05,28479,0.3333333333333333,3,6.04467011212863e-06,165435
holdout,h_L25_V070_1,Báo Thanh Niên,2.0226946337911367e-05,49439,1.7441049253523092e-05,57336,5.950185050755078e-06,168062
holdout,h_L24_V032_129,HTV Sports,0.06666666666666667,15,0.00909090909090909,110,5.950185050755078e-06,168062
holdout,h_L26_V190_15,ViVU TV,0.004366812227074236,229,0.5,2,8.395107331447232e-06,119117
holdout,h_L24_V014_22,HTV Sports,0.003355704697986577,298,1.0,1,5.950185050755078e-06,168062
holdout,h_L24_V039_32,HTV Sports,0.3333333333333333,3,1.0,1,5.950185050755078e-06,168062
holdout,h_L24_V032_157,HTV Sports,0.0015479876160990713,646,1.0,1,5.950185050755078e-06,168062
holdout,h_L30_V017_75,Báo Tuổi Trẻ,1.0,1,6.142996676638798e-06,162787,6.003950599494467e-06,166557
holdout,h_L24_V027_35,HTV Sports,0.0015220700152207,657,0.0007067137809187279,1415,5.950185050755078e-06,168062
holdout,h_L24_V036_62,HTV Sports,0.034482758620689655,29,0.00022779043280182233,4390,9.413093613215984e-06,106235
holdout,h_L24_V030_142,HTV Sports,0.0015822784810126582,632,0.00011870845204178538,8424,5.950185050755078e-06,168062
holdout,h_L26_V237_163,ViVU TV,5.450779461462989e-05,18346,0.25,4,7.039130526597355e-06,142063
holdout,h_L30_V037_7,Báo Tuổi Trẻ,0.14285714285714285,7,1.0,1,5.976071808478851e-06,167334
holdout,h_L24_V039_98,HTV Sports,0.013888888888888888,72,0.0003194888178913738,3130,5.950185050755078e-06,168062
holdout,h_L30_V029_79,Báo Tuổi Trẻ,0.05263157894736842,19,1.0,1,5.950185050755078e-06,168062
holdout,h_L25_V005_2,Báo Thanh Niên,0.0001355380862022228,7378,1.9474196689386563e-05,51350,7.0215843502928e-06,142418
holdout,h_L30_V039_28,Báo Tuổi Trẻ,0.05,20,6.072235311262782e-06,164684,5.950185050755078e-06,168062
holdout,h_L30_V039_26,Báo Tuổi Trẻ,1.0,1,6.060091870992764e-06,165014,5.950185050755078e-06,168062
holdout,h_L26_V432_5,ViVU TV,0.25,4,7.780526897281483e-06,128526,1.0245901639344262e-05,97600
holdout,h_L24_V041_16,HTV Sports,0.001445086705202312,692,5.9028392656867956e-06,169410,7.5634383390689406e-06,132215
holdout,h_L28_V003_47,HTV Entertainment,0.0078125,128,6.982655084769433e-06,143212,6.0336557316712626e-06,165737
holdout,h_L26_V491_109,ViVU TV,0.1111111111111111,9,7.236361268099949e-06,138191,5.950185050755078e-06,168062
holdout,h_L25_V024_99,Báo Thanh Niên,0.0044444444444444444,225,5.9028392656867956e-06,169410,8.453657052040712e-06,118292
holdout,h_L26_V131_143,ViVU TV,0.02564102564102564,39,1.1720581340834505e-05,85320,5.950185050755078e-06,168062
holdout,h_L26_V077_1,ViVU TV,0.002702702702702703,370,1.4023278642546627e-05,71310,6.775205458105517e-06,147597
holdout,h_L25_V049_97,Báo Thanh Niên,0.030303030303030304,33,1.6759121151686807e-05,59669,7.0129669759385106e-06,142593
holdout,h_L26_V196_1,ViVU TV,0.002364066193853428,423,1.0732722999152114e-05,93173,6.0545881669128864e-06,165164
holdout,h_L25_V080_77,Báo Thanh Niên,0.0051813471502590676,193,1.4106560961503196e-05,70889,6.765991420722878e-06,147798
holdout,h_L29_V014_120,HTV Entertainment,0.0021929824561403508,456,6.342119282579466e-06,157676,6.0370797437863355e-06,165643
